country,country_name,category,genre_id,rank,app_id,app_name,developer,url,price,averageUserRating,userRatingCount,primaryGenreName,description,launch_date,update_date
ba,Bosnia and Herzegovina,Developer Tools,6026,1,899247664,TestFlight,Apple Distribution International,https://apps.apple.com/ba/app/testflight/id899247664?uo=4,0.0,4.78516,256,Developer Tools,"TestFlight makes it easy to test beta versions of apps and App Clips to provide valuable feedback to developers before they release their apps on the App Store. Developers can invite testers through email or a public link.

When you test a beta app or App Clip, Apple collects and sends crash logs, usage information and any feedback you submit to the developer. The developer may use this information to improve their app and related products. Apple may use crash logs and usage information to improve our products and services.

For instructions on installation, testing and feedback submission, and for details on how your data is handled, see testflight.apple.com.",2020-04-13T07:00:00Z,2025-10-07T14:12:50Z
ba,Bosnia and Herzegovina,Developer Tools,6026,2,1602054864,O-KAM Pro,Shenzhen VeePai IoT Intelligent Technology LLC,https://apps.apple.com/ba/app/o-kam-pro/id1602054864?uo=4,0.0,4.68421,19,Developer Tools,"O-KAM Pro, feel home anytime, anywhere.
A remote video surveillance software used with the camera can help you check the dynamics of your home at any time after adding the camera.
With real-time video, cloud storage playback, alarm push, two-way voice intercom, as well as photo and video and other functions.
APP has simple operation and simple design, which can help you manage and use it more conveniently.",2022-01-06T08:00:00Z,2025-10-30T02:04:09Z
ba,Bosnia and Herzegovina,Developer Tools,6026,3,982107779,Expo Go,"650 Industries, Inc.",https://apps.apple.com/ba/app/expo-go/id982107779?uo=4,0.0,4.75,16,Developer Tools,"Start building projects using web technologies with just your iOS device and your computer. Expo Go is a developer tool for creating experiences with interactive gestures and graphics using JavaScript and React.

Note: some programming experience is recommended.
Technical specs: this version of Expo uses React Native 0.81.1.",2020-04-18T07:00:00Z,2025-09-23T17:56:55Z
ba,Bosnia and Herzegovina,Developer Tools,6026,4,1234793120,App Store Connect,Apple Distribution International,https://apps.apple.com/ba/app/app-store-connect/id1234793120?uo=4,0.0,5,13,Developer Tools,"Manage your apps on the go with the App Store Connect app for iPhone and iPad.

• View the status of your apps and manage App Store submissions.
• Manage tester groups, add new builds and testers, view screenshot and crash feedback.
• View key sales and trends information to monitor app performance.
• View and respond to your latest customer ratings and reviews.
• Generate marketing assets to promote your apps’ biggest moments, such as getting featured in select placements on the App Store, or when you’re submitting a new app launch or new version.
• Receive notifications about key events, such as app status changes, new customer reviews, tester feedback, and featuring in select placements on the App Store.",2020-04-13T07:00:00Z,2025-10-01T17:36:02Z
ba,Bosnia and Herzegovina,Developer Tools,6026,5,6746924726,Gave Survey - Play & Feedback,PLAY2EARN MEDIA LIMITED,https://apps.apple.com/ba/app/gave-survey-play-feedback/id6746924726?uo=4,0.0,0,0,Developer Tools,"Welcome to Gave Survey — your gateway to the future of gaming!

Gave Survey is a cutting-edge platform where passionate gamers can test the latest titles before anyone else. As part of our exclusive early access and feedback program, you’ll get to explore fun and engaging mini-games while helping us make them even better.

By sharing your honest opinions and gameplay experiences, you're not just playing — you're shaping the future of gaming. All games available through Gave Survey with your every piece of feedback helping us refine and improve game quality.

At Gave Survey, we’re a passionate team dedicated to crafting fun and engaging casual games. But the real magic happens when players like you join in. Through your feedback, we continuously improve and evolve our games to deliver experiences that truly resonate. Together, we’re turning great games into unforgettable adventures.",2025-06-11T07:00:00Z,2025-06-23T19:20:20Z
ba,Bosnia and Herzegovina,Developer Tools,6026,6,640199958,Apple Developer,Apple Distribution International,https://apps.apple.com/ba/app/apple-developer/id640199958?uo=4,0.0,5,1,Developer Tools,"Welcome to Apple Developer, your source for developer news, features, and videos — and the best place to experience WWDC.

• Keep up to date on the latest Apple frameworks and technologies.
• Browse news, features, developer stories, and more.
• Catch up on videos from past events and download them to watch offline.
• Enroll in the Apple Developer Program in supported locales.",2020-04-13T07:00:00Z,2025-09-02T17:00:48Z
ba,Bosnia and Herzegovina,Developer Tools,6026,7,1477376905,GitHub,GitHub,https://apps.apple.com/ba/app/github/id1477376905?uo=4,0.0,4.97436,39,Developer Tools,"There’s a lot you can do on GitHub that doesn’t require a complex development environment – like sharing feedback on a design discussion, or reviewing a few lines of code. GitHub for iOS lets you move work forward wherever you are. Stay in touch with your team, triage issues, and even merge, right from the app. We’re making these tasks easy for you to perform, no matter where you work, with a beautifully native experience.

You can use GitHub for iOS to:

• Browse your latest notifications
• Read, react, and reply to Issues and Pull Requests
• Review and merge Pull Requests
• Organize Issues with labels, assignees, projects, and more
• Browse your files and code
• Discover new and trending repositories

———

Terms of Service: https://docs.github.com/en/github/site-policy/github-terms-of-service
Privacy Policy: https://docs.github.com/en/github/site-policy/github-privacy-statement",2020-04-12T07:00:00Z,2025-11-18T20:36:27Z
ba,Bosnia and Herzegovina,Developer Tools,6026,8,1447489375,Koder Code Editor,Reny Mustika,https://apps.apple.com/ba/app/koder-code-editor/id1447489375?uo=4,0.0,4.66667,3,Developer Tools,"""Koder for iPad: Nerds Rejoice! You Can Code on Your iPad""
-- GIZMODO / App of the day --

""Koder’s simple yet efficient interface is designed for touch editing. At just $5.99, you get an editor with a well-designed interface at a great price. If you want to code with your trusty iPad, then Koder is for you.""
-- AppAdvice --

""An accomplished code editor for many programming languages""
-- 148Apps --

""Editing code on your iPad should never be that difficult again""
--KillerStartups--

""The developers at iCodeLabs have done a great job optimizing the iPad’s real estate for code editing""
--theiphoneappreview--

""The app for instant project creation and code editing, perfect for developers and programmers on the go.""
--tipsfortablets--

-- Koder was listed on the App Store as a 'Staff Favorites' in 82 countries --

Koder is a code editor for iPad and iPhone. It does have many features including syntax highlighting, snippet manager, tabbed editing, find and replace code, editor theme, remote and local files connections, and many more.
With Koder you can code anytime and anywhere, no matter if you're at your desk or while on the go

Features:

- Syntax Highlighting ( Supports more than 80 languages : actionscript, actionscript3, active4d, ada, ampl, apache, applescript, asm-mips, asm-x86, asp-js, asp-vb, aspdotnet-cs, aspdotnet-vb, awk, batch, c, cobol, coffeescript, coldfusion, cpp, csharp, csound, css, d, dylan, eiffel, erl, eztpl, elixir, fortran, freefem, gedcom, gnuassembler, haskell, header, html, idl, java, javafx, javascript, jsp, latex, less, lilypond, lisp, logtalk, lsl, lua, markdown, matlab, mel, metapost, metaslang, mysql, nemerle, none, nrnhoc, objectivec, objectivecaml, ox, pascal, pdf, perl, php, plist, postscript, powershell, prolog, python, r, rhtml, ruby, sass, scala, sgml, shell, sml, sql, standard, stata, supercollider, tcltk, torquescript, udo, vb, verilog, vhdl, xml  )
- Code Autocomplete
- Code Function list
- Access and Manage your Dropbox, (S)FTP, webdav and local files easily
- Built In Terminal (SSH Client)
- Tabbed editing
- Extra Keyboard with Custom Key (Snippet)
- Document Picker Support to open/import/export other app files from/to Koder
- Find and replace code
- Previewer Browser with View Source function 
- Editor theme with Custom Theme Editor
- Extra Key / Additional Keys on Virtual Keyboard with open+close brackets keys
- Screen-Lock, Manual and Auto Lock
- Extracting Zip File on Local project
- Sophisticated File Browser
- iOS ""Open In"" support, from Koder to other app - vice versa
- Change file/folder permission (CHMOD) on FTP/SFTP projects
- Folder Synchronization between Local Project and FTP Project
- Uploading files from desktop from browser or iTunes sharing
- Expandable editing space
- Bluetooth Keyboard Support
- and many more …
- Support multitasking for iPad
- Support editing files from Working Copy using drag and drop

NEWEST
- Support Dark Theme
- Compatibility with iOS 13

BUG REPORT/ PROBLEMS/ IDEAS :
If you have  any problems when using Koder, or you have ideas for Koder improvement, please mention us  or  message us directly  at twiter @koderapp",2020-04-15T07:00:00Z,2022-04-19T17:39:08Z
ba,Bosnia and Herzegovina,Developer Tools,6026,9,6742912146,Vibecode - AI App Builder,Not A Number Labs Incorporated,https://apps.apple.com/ba/app/vibecode-ai-app-builder/id6742912146?uo=4,0.0,0,0,Developer Tools,"Vibecode is the easiest way to learn how to create beautiful mobile apps.

• You can simply generate apps with prompting
• View and test your app on your phone
• Improve and complete the development of your app
• Share with anyone in 1-click using App Clips
• View and test your app on your phone

Vibe coding allows you to create anything you imagine, and Vibecode is the first ever mobile app that brings the power of Vibecoding to the masses. 


Terms of Service: https://www.vibecodeapp.com/terms
Privacy Policy: https://www.vibecodeapp.com/privacy
Note: Vibecode is meant for developers building with React Native & Expo; some programming knowledge and vibe coding knowledge may be ideal, and is recommended",2025-06-17T07:00:00Z,2025-11-18T23:02:56Z
ba,Bosnia and Herzegovina,Developer Tools,6026,10,1475741280,"SSH Client: iSH, CMD, Terminal",Moon Technolabs Private Limited,https://apps.apple.com/ba/app/ssh-client-ish-cmd-terminal/id1475741280?uo=4,0.0,0,0,Developer Tools,"Here is one of the most intelligent & advanced SSH Client apps to manage and connect remote servers for your iOS and Mac devices

About SSH Client:

SSH Client is an on-the-go SSH-Telnet app with the best putty, console, and shell ios app with powerful remote access & terminal emulator. Our enterprise-grade mobile app is built for all kinds of server management needs. Our comprehensive features are not limited to terminal keyboard and language support, multi-session capability, and Bluetooth keyboard support but many more. Our SSH Client app can easily integrate with AWS, Azure, and Digital Ocean. 

The app is most popular because of its administrator-friendly approach; we have also considered our valued customers suggestions and constantly released updates for SSH Client to become reliable and robust in real-world usage and development.
• Private key files can now be directly imported in multiple formats (RSA, DSA, Putty) using iTunes sharing from other apps and Clipboard
• RSA / DSA key generation and authentication and share it via email or Clipboard
• Get 'Local Notification Alert or blink' before the connection starts terminating
• Quick retrieval of the last top 3 connected servers to join instantly

SSH Client Functionalities:
• Launch (Run) a saved command/script at connection startup
• Connect with your servers using username, password, or private key authentication through SSH
• Configurable' Standard and Non-Standard' port

Adaptive Terminal:
• Customize Terminal like background, foreground, cursor colour selection
• Standard Terminal features, including 'Terminal Emulator with Editor.'
• Personalize Terminal Size
• Support Terminal Screen copy/paste and easy text selection

Server Folders:
• Organized groupwise server to easily and freely manage and control interoperability in a blink. 

Customizable Keyboard:
• Fully External / Bluetooth keyboard support
• Special keys such as Esc, Tab, Ctrl, /, :, -, !, |, $, *
• Built-In keyboard keys with fixed keys like Ctrl, Alt, Tab, Esc, Up, Down, Left, Right and F1-12

Easy Connect:
• Run multiple prompt sessions at a time
• Active connection counts indicator at App Badge
• Configure and manage unlimited future sessions to reduce workload

Gesture Control:
• Pinch Scaling Terminal Screen
• One touch on / off for Auto scroll
• Single tap connection/disconnection from 'Home Screen'

Key Handy Features of Free SSH Client (Best Putty, Console, Shell App):
• Works over mobile Cellular or WiFi network
• Use Custom or Mac Built-In fonts
• Uninterrupted operationality in 'Portrait or Landscape modes
• Multiple editors supported like Vi, vim, pico, nano, etc
• Built-in Passcode features
• Its 'Universal Binary,' hence, no need to buy 2 apps for iPhone and iPad

SFTP Functionalities:
• Quickly create, rename, and delete files & directories
• Easily edit text files
• Upload and Download files from your device to your server and server to your device

What's New?
• Perform batch execution by selecting the servers
• Integrate DigitalOcean droplets to a group in SSH
• Add VM servers from the account
• Integrate AWS to a group in SSH
• Integrate Azure to a group in SSH

Know about supported technologies:
Protocols: SSH, SFTP
Channel types: Session Shell, Session SFTP, Local Forward
iOS versions: 14

Subscription Details:
- Subscriptions allow users to have prompt access to all features with unlimited access to all platforms
– Payment will be charged to iTunes Account
– The free trial period lasts for 7 days and automatically renews unless auto-renew is turned off at least 24 hours
- User can manage subscriptions & auto-renewal by turning it off from Account Settings after purchase
- All features for all platforms will be disabled upon completion of the subscription

Terms of use: http://moondialer.moontechnolabs.com/v1/ssh-terms 
Contact us at support@moonapps.xyz
We welcome suggestions or feedback, as we keep adding new features based on our customers' feedback and requests.",2020-04-10T07:00:00Z,2025-11-05T04:21:17Z
ba,Bosnia and Herzegovina,Developer Tools,6026,11,1536579599,BluetoothAssistant,"Hangzhou OrangeJuice Technology Co., Ltd.",https://apps.apple.com/ba/app/bluetoothassistant/id1536579599?uo=4,0.0,4,4,Developer Tools,"Bluetooth Assistant can help you discover surrounding Bluetooth devices, connect and debug them.

Key Features:

Device scanning
Signal strength detection
Device connection
Device information reading
Data reading & writing
Log data
Batch writing
Data packet storage
Save and delete common write data

Privacy policy： https://hzjuzhi.com/apps/bluetooth/privacy/
Terms of Use： https://hzjuzhi.com/apps/bluetooth/terms/",2020-10-26T07:00:00Z,2025-10-09T11:55:08Z
ba,Bosnia and Herzegovina,Developer Tools,6026,12,6444545478,C++ Shell - C++ code compiler,"Phoenix Lab Technology Co., Ltd.",https://apps.apple.com/ba/app/c-shell-c-code-compiler/id6444545478?uo=4,0.0,0,0,Developer Tools,"A software development tool for compiling and running C++ on mobile devices, with built-in basic environment integrating Python and Lua.
Support the execution of Linux basic commands on the console.

The implementation principle adopts the compilation mode of llvm and clang.
https://github.com/phoenixlabcn/llvm-project


Function introduction:
The code is highlighted, which is more intuitive
Split screen display is supported in horizontal screen mode
Console output and input, supporting the output of specific error stack information
Theme and font size setting, moving cursor, convenient reading and simple operation

Supported Linux commands include:
ls,lli,ifconfig,ping,readlink,chmod,clang,telnet,host,du,link,dig,egrep,bc,date,gzip,nslookup,python2,fgrep,mv,md5,say,luac,ssh-keygen,xargs,diff,cd,tee,chksum,lua,touch,dc,tar,chflags,rm,sort,uniq,awk,printenv,chgrp,find,mkdir,tail,df,pwd,opt,chown,gunzip,compress,llvm-link,nc,uptime,sed,setenv,stat,uname,sum,head,wc,cat,echo,unsetenv,unlink,rmdir,uncompress,curl,ln,cp,whoami,rlogin,tr,env,whois,python,grep,nm,clear,sh,exit,open,python3



------------------------------------------------
C++ Shell Month Unlock

【Unlimited code runs】
【Unlimited use of console】
【Unlimited use of modules】
【Support custom theme setting】
【Continuous access to more advanced functions】

Support free trial for 3 days. After the trial period, this subscription will be renewed automatically for $[4.49]/month unless you actively close or cancel the subscription. You will be charged in your local currency at the prevailing exchange rate as defined by iTunes .The account will confirm and charge you for renewal within 24 hours before the end of the current subscription period. Payment will be deducted from iTunes account upon confirmation of subscription. You can cancel your subscription at any time. You can cancel it at least 24 hours before the trial period or the end of the subscription period to avoid deduction. Any unused part of the trial period after payment will be discarded. After purchase, you can go to the AppStore account settings to manage or cancel your subscription.

Privacy policy:
https://phoenixlab.com.cn/protocol/PrivacyStatement.html

Terms of Use: 
 https://phoenixlab.com.cn/protocol/TermsOfUse.html",2022-11-21T08:00:00Z,2024-06-06T06:29:18Z
ba,Bosnia and Herzegovina,Developer Tools,6026,13,1594898306,"Blink Shell, Build & Code","Blink Shell, Inc",https://apps.apple.com/ba/app/blink-shell-build-code/id1594898306?uo=4,0.0,0,0,Developer Tools,"Do Blink! Transform your iOS device into a pro-grade terminal. Blink is the first professional, desktop-grade terminal for iOS that leverages the support of Mosh and SSH. Thus, we can guarantee stable connections, crazy-fast speeds, and full configurations. It can and should be your all-day-long tool. 
**Start your 14-day free trial now!**

But, Blink is much more. Now with Blink Code and Blink Build**, your entire development workflow fits in your pocket.

What the Blink community is saying:
“In some ways, I prefer my iPad / Blink / Digital Ocean setup to coding on my Mac“ - TheVerge
""I have tried a number of terminals on iOS and this is really The One."" - Twit.tv
“Connections still come up when I get back to a client project after a weekend off.“ - The Sweet Setup
“The way to use VS Code on the iPad” - programminglife.io

What our users love the most from Blink Shell:
- Mosh connections that even survive a device reboot.
- Most complete SSH implementation on iOS.
- Code command for VS Code integration.
- Blazingly fast terminal and SFTP transfers.
- Includes Pragmata Pro with ligatures.

Blink Shell has a fully loaded SSH toolset:
- SSH with PKI support: DSA, RSA, ECDSA & ED25519 keys.
- Support for Secure Enclave Keys and Certificates.
- Port forwarding with local, remote & dynamic tunnel support.
- SOCKS5 proxy for a private VPN.
- Agent Forwarding.
- Complete SSH Config file support.
- ControlMaster and pooled connections.
- Files.app integration for SFTP remote hosts.
- SFTP with copy-on-change.

Blink has been the leading developer tool in the AppStore for +5 years, so there is a lot more:
- External Display support.
- Legendary Hardware Keyboard support, even remap shortcuts and keyboard codes.
- Local & iCloud Blink Shell folders for Files.app access across devices.
- Host sync over iCloud.
- Link-files from other applications and work with them in Blink.
- Cool themes and fonts, and install your own!
- Smart Keys on SW Keyboard to navigate with touch.
- FaceCam command to create tutorials and streams.
- Bell notifications.
- Supports multiple windows and multiple tabs.
- Network & UNIX CLI tools, check our docs for more information.

Blink Code integrates with VS Code:
- Code on local projects, or seamlessly on remote machines.
- Fully-loaded code editor.
- A coding experience fitted to your device, that connects to VS Code for web, GitHub Codespaces, GitPod or your own VS Code server.

Blink Build (Requires a $7.99/month subscription)
Creates remote runtimes that can be accessed on all your devices. You can use Build in your day-to-day workflows whether you need to do development, DevOps or just play around with new tooling.

Participate in our community, and don’t forget to leave us your feedback and your feature(s) requests. Enjoy!

http://blink.sh
http://twitter.com/blinkshell
http://GitHub.com/blinksh

Terms of Use: https://blink.sh/blink-gpl
Privacy Policy: https://blink.sh/pp

* Blink Code is not affiliated nor endorsed by Microsoft.
** Blink Build requires a separate subscription to make use of our Virtual Machines.",2022-02-09T08:00:00Z,2025-11-18T19:59:27Z
ba,Bosnia and Herzegovina,Developer Tools,6026,14,6446675055,软件著作权,"Adina Interactive Technology Co., Ltd.",https://apps.apple.com/ba/app/%E8%BD%AF%E4%BB%B6%E8%91%97%E4%BD%9C%E6%9D%83/id6446675055?uo=4,0.0,0,0,Developer Tools,“软件著作权”APP是一款专注于知识产权服务的移动应用程序。其主要功能是提供国家版权局软件著作权相关的登记申请服务，帮助软件开发者保护自己的知识产权。此外，该应用程序还提供了相关法律法规、政策解读等知识产权领域的热门资讯，方便广大用户及时获取最新的行业信息。在“软件著作权”APP上，用户可以轻松完成软件著作权登记的操作，享受快捷高效的服务，并且能够得到实时的进度反馈。同时，该应用程序提供了多种支付方式，保障用户交易安全可靠。,2023-04-26T07:00:00Z,2025-04-11T21:57:36Z
ba,Bosnia and Herzegovina,Developer Tools,6026,15,1522870046,Device Monitor²,Marco Ricca,https://apps.apple.com/ba/app/device-monitor/id1522870046?uo=4,0.0,3.5,2,Developer Tools,"Device Monitor² is a one-of-a-kind app designed for iPhone, iPod Touch, iPad, and Apple Watch, providing all the essential information about your device at a glance, quickly and effortlessly. Discover which sensors apps have access to and take control of your privacy.  
It is also compatible with Mac (equipped with M1 processors and later) and Apple Vision Pro, the available functions are limited.

Why choose Device Monitor²?  
Here are some of its main features:  
• Clear and intuitive data visualization;
• Detailed information about:  
   - DEVICE,  
   - SENSORS,  
   - RAM,  
   - STORAGE,  
   - CPU,  
   - GPU (not available on Apple Watch),  
   - NETWORK,  
   - BATTERY,  
   - DISPLAY,  
   - CAMERA (not available on Apple Watch).  
• Shortcuts to the Shortcuts app;
• Shortcuts to the Control Center (requires iOS 18);
• Customizable widgets for StandBy Mode, Lock Screen and the Home Screen;
• Options to hide or reorder panels according to your needs;
• App icon customization.  

Unlock advanced features with additional packs:  
• PRO Kit:  
   - Access to all features of other in-app purchases (present and future);
   - Deep memory cleaning;
   - Live activity for memory;
   - Support for opening .synced files;
   - Copy and paste data displayed in the app.
• Test Kit:  
   - Complete testing of device sensors, including:  
       → GPS,  
       → Compass,  
       → Altimeter,  
       → Accelerometer,  
       → Magnetometer,  
       → Gyroscope,  
       → Barometer,  
       → Device Motion,  
       → Motion Coprocessor,  
       → Pedometer,  
       → Bluetooth,  
       → iBeacon,  
       → Microphone,  
       → Volume,  
       → Speakers,  
       → Proximity Sensor,  
       → NFC,  
       → Touch ID/Face ID,  
       → Vibration and Haptic Feedback,  
       → Ping,  
       → Traceroute,  
       → DNS Lookup,  
       → Acid3,  
       → Speed Test,  
       → Network Device Scanner,  
       → Brightness,  
       → Multi-touch,  
       → Screen Color,  
       → Camera,  
       → Flash.  
• Report Kit:  
   - Export data displayed in the app as a PDF, CSV, XLSX or RFT document.  
• Notification Kit:  
   - Customizable notifications for:  
       → RAM usage exceeding limits,
       → Device temperature reaching abnormal levels.  
• Ads Kit:  
   - Remove ads from the app.  


The app does not collect any personal data or even non-personal data. Why? Simple: We’re not interested!
Oh, and don’t forget: the app is FREE!",2021-01-16T08:00:00Z,2025-11-04T00:07:17Z
ba,Bosnia and Herzegovina,Developer Tools,6026,16,1058693037,Bluetooth Terminal,Lukas Pistrol,https://apps.apple.com/ba/app/bluetooth-terminal/id1058693037?uo=4,0.0,0,0,Developer Tools,"## Version 3 is now available ##

With Bluetooth LE Terminal you can easily prototype your Bluetooth Smart enabled hardware. Send individual bytes encoded as ASCII, HEX or Decimal numbers and receive data from your hardware accessory.

Test your data transfers even before having your own app!

# More Features:
• Send bytes as ASCII, HEX or Decimal
• See device's services and characteristics and their associated values
• Get information about your device such as name, UUID, and RSSI readings
• Setup a button matrix (game controller) to send different data with just a tap.
• Apple Watch support for button matrix
• Send the current time as a unix timestamp (seconds since 1970)
• Export current session as CSV
• Use the app in split-view or slide-over on iPad

If you have any questions about the app, or requests for features you would like to see, just write a short review or use the button inside the app to contact me!

* Some features may require an optional one-time in app purchase.",2020-04-14T07:00:00Z,2023-06-05T12:50:10Z
ba,Bosnia and Herzegovina,Developer Tools,6026,17,6748286191,IPA Installer,Serhii Fedorenko,https://apps.apple.com/ba/app/ipa-installer/id6748286191?uo=4,0.0,0,0,Developer Tools,"Attention! This application does not sign .ipa files, it only installs them. Do not attempt to install .ipa files that you have obtained by any means other than from your developer.

IPA Installer — your fast and convenient tool for installing iOS apps directly from .ipa and .iipa files. Perfect for developers and testers looking to accelerate their build testing and delivery cycle.

Terms of Use: https://www.apple.com/legal/internet-services/itunes/dev/stdeula/
Key Features:

Direct Installation
Install any build in .ipa or .iipa format without extra steps or intermediaries.

Ease of Use
Simply share the desired file from any app — installation starts automatically.

Built-in File Picker
Quickly locate and select your build using the standard file selection dialog.

Legacy File Support
Upload and install even older files — unlike cloud services that expire links (typically after 3 days), here there are no time limits.

Target Audience
Developers, QA engineers, and beta testers who value speed and efficiency in handling test builds.

With IPA Installer, you’ll always have access to the latest (and not-so-latest) versions of your apps — simple, reliable, and straightforward!",2025-07-08T07:00:00Z,2025-10-07T19:12:34Z
ba,Bosnia and Herzegovina,Developer Tools,6026,18,1672453872,Python Editor App,Andromeda Corp Limited,https://apps.apple.com/ba/app/python-editor-app/id1672453872?uo=4,0.0,3,2,Developer Tools,"Introducing the ultimate Python editor for iOS!
Enjoy a powerful, easy-to-use environment for coding in Python right from your iPhone or iPad.
Whether you’re new to coding or an experienced developer, you’ll love the intuitive interface and feature-packed design that makes programming simple and efficient.

With our Python editor, you can create, edit, and run Python scripts directly on iOS.
Features include syntax highlighting, auto-indentation, and code completion, helping you write clean, error-free code.
A built-in library of reusable snippets—plus the option to create your own—makes development faster than ever.

Designed to take full advantage of iOS, the app supports Liquid Glass API for a fluid, responsive coding experience, along with multi-window support, letting you work on multiple files or scripts side by side.
Use touch gestures to navigate, split your screen to view code and console simultaneously, and keep scripts running in the background while you multitask.

And now, with the integrated OpenAI Code Assistant, you can generate, refine, and debug Python code with AI-powered suggestions—directly inside the editor.

After a 3-day free trial, a subscription unlocks the complete experience:
- OpenAI Integration (with your API key)
- OpenAI Code Assistant
- Liquid Glass API & Multi-window support
- Editor customization
- Beautiful themes
- Complete Python guidebook
- Python learning resources

Privacy Policy: https://www.iubenda.com/privacy-policy/85758827
Terms of Service: https://www.apple.com/legal/internet-services/itunes/dev/stdeula",2023-02-19T08:00:00Z,2025-09-24T19:58:04Z
ba,Bosnia and Herzegovina,Developer Tools,6026,19,6748838250,React Native Reusables,Founded Labs Inc,https://apps.apple.com/ba/app/react-native-reusables/id6748838250?uo=4,0.0,0,0,Developer Tools,"Discover and interact with a growing library of beautifully crafted components.

- Scan QR codes in the docs to instantly preview components on your device
- Explore ready-to-use UI blocks styled with NativeWind
- Learn and integrate these components into your own projects with ease",2025-07-30T07:00:00Z,2025-08-07T00:38:26Z
ba,Bosnia and Herzegovina,Developer Tools,6026,20,6670330063,Puuush!,"Nomad Company, Ltd",https://apps.apple.com/ba/app/puuush/id6670330063?uo=4,0.0,0,0,Developer Tools,"Puuush is a tool that enables developers to send themselves custom push notifications for a wide range of events and processes. It can be used for application monitoring, development workflows, server management, or any other scenario where instant notifications are valuable.

What Puuush offers:

Versatile Notifications: Alert yourself about server errors, background job completions, new user signups, sales, deployment status, or any other event you need to track.

Simple Setup: After installation, you receive a unique endpoint. Trigger a notification by calling this endpoint.

User-Friendly Interface: Manage and view your notifications in a clean, straightforward app design.

Flexible Plans: Free, Indie, and Pro plans available to match different usage needs.",2024-09-09T07:00:00Z,2024-09-11T16:27:21Z
ba,Bosnia and Herzegovina,Developer Tools,6026,21,6469385251,Xogot: Godot for iPad & iPhone,"Xibbon, Inc",https://apps.apple.com/ba/app/xogot-godot-for-ipad-iphone/id6469385251?uo=4,0.0,0,0,Developer Tools,"Xogot brings the full power of the Godot game engine to iPad — and now iPhone.

With a native mobile experience designed for touch, you can create, test, and share games wherever inspiration strikes.

And the best part? You can now use core Xogot functionality for free — start building games right away, no subscription required.

Whether you’re making a pixel-perfect 2D platformer, a roguelike deck-builder, or an immersive 3D world, Xogot gives you everything you need to create, edit, and share games — all from your iPad or iPhone.

Xogot makes game development fun, approachable, and fully mobile — no laptop required.

Build for 2D and 3D
- Make stunning 2D games with tile maps and a dedicated 2D engine, or dive into rich 3D worlds with advanced lighting and physics.

Start Fast with Templates
- Want to make an FPS, platformer, or RPG? Pick a ready-to-go template and have a playable game in minutes.

Learn as You Go
- Integrated API docs help you master game development step by step — no need to leave the app.

Works Seamlessly with Godot on Desktop
- Import projects from iCloud, USB drives, or GitHub (via Working Copy) and keep building on the go. Projects made in Xogot open in Godot on your computer, and vice versa — no lock-in.

Fully Native Mobile Experience
- Optimized for touch, Xogot supports Apple Pencil, Stage Manager, external monitors, and iPad multitasking — everything feels right at home.

Play with Controllers & More
- Test your games with Bluetooth controllers, keyboards, and mice for a full gameplay experience.

Open Source Runtime
- Xogot uses Godot’s open-source runtime, so you can distribute your games freely — no strings attached.

Take your game ideas from concept to creation — anywhere, anytime.

Terms of Service: https://xogot.com/terms-of-service
Privacy Policy:  https://xogot.com/privacy-policy",2025-05-05T07:00:00Z,2025-11-07T22:26:22Z
ba,Bosnia and Herzegovina,Developer Tools,6026,22,6738843992,Haptics Touch: Vibration Test,Keyhan Mortezaeifar,https://apps.apple.com/ba/app/haptics-touch-vibration-test/id6738843992?uo=4,0.0,0,0,Developer Tools,"Explore and test iOS and watchOS haptic feedback patterns with HapticsTouch.

Perfect for developers and designers, this ad-free tool lets you:
• Interactively experience default haptic patterns.
• Favorite and organize preferred haptics.
• Instantly share Swift code snippets for seamless implementation.
• Use the Apple Watch companion app to feel haptics directly on your wrist.

Enhance your apps with tactile feedback using HapticsTouch.


Available Haptic Patterns:

iOS
• Light Impact
• Medium Impact
• Heavy Impact
• Soft Impact
• Rigid Impact
• Success
• Warning
• Error
• Selection Changed

watchOS
• Notification
• Direction Up
• Direction Down
• Navigation Maneuver (code only)
• Navigation Left Turn (code only)
• Navigation Right Turn (code only)
• Retry
• Start
• Stop
• Click",2024-12-13T08:00:00Z,2025-10-02T06:51:29Z
ba,Bosnia and Herzegovina,Developer Tools,6026,23,6741022143,STL File Viewer Pro,Andeesh Mehdi Syed,https://apps.apple.com/ba/app/stl-file-viewer-pro/id6741022143?uo=4,0.0,0,0,Developer Tools,"View, Rotate & Inspect Your 3D STL Files with Ease!

STL File Viewer is the ultimate tool for viewing and interacting with STL 3D models on your iPhone and iPad. Whether you want to open jewelry designs, are an engineer, 3D printing enthusiast, or CAD professional, this app lets you open, rotate, zoom, and inspect your STL files effortlessly.

Key Features:
Smooth 3D Viewing – Load STL files quickly and explore them in high detail.
Full 360° Rotation – Rotate, zoom, and pan with intuitive gestures.
Light & Dark Mode – Comfortable viewing in any environment.
Fast & Lightweight – Designed for speed and efficiency.
STL Simple Viewer - 3D File Viewer / Opener

Perfect for 3D printing file, CAD modeling, jewelry design, and engineering projects. Download STL File Viewer now and explore your 3D models like never before!


Terms of Service: https://www.apple.com/legal/internet-services/itunes/dev/stdeula/",2025-03-24T07:00:00Z,2025-07-28T22:33:12Z
ba,Bosnia and Herzegovina,Developer Tools,6026,24,6753701067,ProScan: PDF Scanner,PSCD TECHNOLOGY DEVELOPMENT COMPANY LIMITED,https://apps.apple.com/ba/app/proscan-pdf-scanner/id6753701067?uo=4,0.0,0,0,Developer Tools,"ProScan – Your Smart PDF, Word & Text Scanning Assistant
ProScan helps you scan, convert, and manage documents quickly and professionally – right from your phone.
Whether you’re studying, working, or handling urgent paperwork, the app delivers a smooth, convenient experience for scanning, compressing, merging, splitting, and sharing files effortlessly.

KEY FEATURES
Smart Document Scanning
Open the camera to capture documents with auto edge detection.
Instantly convert images into PDF / Word / Text formats.
Edit before saving: crop, rotate, enhance, and apply black-and-white filters.
Export high-quality files, ready for sharing or printing.
Flexible PDF Compression
Reduce PDF file size without losing image quality.
Choose compression level: Low / Medium / High to fit your needs.
Save storage space and share files faster.
Easy PDF Merge & Split
Select multiple files and combine them into a single PDF in just a few taps.
Split PDFs by page range – fast, accurate, and convenient.
Efficient File Management
Rename, delete, share, or open PDFs directly within the app.
Keep your documents organized and easy to find.
View and interact with PDFs seamlessly.

ADVANCED IMAGE PROCESSING TECHNOLOGY
Automatically detects and aligns document edges using AI.
Enhances scan quality by reducing shadows and improving sharpness.
Accurately recognizes text (OCR), allowing you to extract content from images.


 WHY YOU’LL LOVE ProScan
Turn paper documents into digital files in seconds.
Easily edit, compress, and merge your files.
Work and study efficiently — no computer needed.
Simple, clean interface that anyone can use.

DATA SECURITY
All files are stored locally on your device.
You can delete them anytime — no uploads to external servers.
No user data collection – complete privacy guaranteed.
PROSCAN IS PERFECT FOR:
Students and teachers who need to scan study materials.
Office workers, accountants, and administrative staff.
Individuals who want to quickly store or share documents.
Anyone who needs a convenient tool to scan, merge, compress, and manage PDFs anytime, anywhere.

ProScan – Faster, Smarter, and Safer Document Scanning!
Students and teachers who need to scan study materials.
Office workers, accountants, and administrative staff.
Individuals who want to quickly store or share documents.
Anyone who needs a convenient tool to scan, merge, compress, and manage PDFs anytime, anywhere.",2025-11-18T02:56:46Z,2025-11-18T02:56:46Z
ba,Bosnia and Herzegovina,Developer Tools,6026,25,1405459188,Scriptable,Simon Stovring,https://apps.apple.com/ba/app/scriptable/id1405459188?uo=4,0.0,4.59999,5,Developer Tools,"Scriptable is an automation tool that enables you to write scripts that integrates with native features of iOS such as files, calendars, reminders, documents and much more.

An extensive support for widgets enables you to write your own widgets using JavaScript and run the scripts on your Home Screen. Your widgets can show any data and be customised to look just the way you want. 

With Siri Shortcuts you can present images, tables and more in Siri as well as making Siri read out loud a text when you run a script from a Siri Shortcut.

There's a growing gallery of scripts to get you started with Scriptable.

Here’s a few examples of scripts you can create:

- Ask Siri whether a web service is down.
- Create a widget that shows data from your weather station.
- Postpone the next event in your calendar half an hour.
- Check what is currently on TV.
- Manage a list of movies you would like to watch.
- Upload files to an image optimizer and store a URL to the optimized image.
- Receive a notification with the weather report every morning.
- Create todos with prefilled data in your favorite todo app using URL schemes.

Features include:

- Write and run JavaScript.
- Auto complete of variable names, functions, keywords and properties as you type.
- Access lots of native iOS features from your JavaScript code, including managing files, calendars, reminders, contacts, photos, location, pasteboard, web views and more.
- Create your own widgets. Your scripts run on the Home Screen without needing to open the app.
- Siri Shortcuts enabling you to present images, tables, websites, HTML and more in Siri as well as making Siri read out loud a text.
- Support for input and output parameters in Siri Shortcuts.
- Easily schedule rich notifications to run your scripts periodically.
- Work with files and directories from third party apps using File Bookmarks.
- Synchronise scripts to all of your devices using iCloud Drive.
- Scripts are stored as plain JavaScript files and can be browsed using the Files app.
- Assign one of over 800 glyphs and a color to a script to easily identify it in your directory of scripts.
- Run scripts directly on your Lock Screen and Home Screen using widgets.
- Run a script by 3D touching the app icon.
- Run a script from a share sheet and process the inputs.
- Schedule notifications and run a script directly from a notification.
- URL schemes enabling you to run scripts from other apps.
- Support for x-callback-url enabling advanced integration with other apps that support x-callback-url.
- Export and share scripts.
- Example scripts helping you get started creating your own scripts.
- Extensive documentation for all the native APIs you can use in your scripts. Available offline in the app and online on docs.scriptable.app.
- View the documentation in a separate window on iPad.
- Support for dark mode.
- Customise the editor to your liking.",2020-04-10T07:00:00Z,2024-09-30T10:29:59Z
